{"loss": 0.20717632894567545, "acc": 0.9432205272511849, "auc": 0.9843679282327042, "batch_time": 0.7381337355663427, "losses": [0.18422487378120422, 0.13888832926750183, 0.241112619638443, 0.296604186296463, 0.13380950689315796, 0.2024674266576767, 0.17094235122203827, 0.13433630764484406, 0.1922156661748886, 0.13564224541187286, 0.24293938279151917, 0.1138443723320961, 0.2582668662071228, 0.23587475717067719, 0.2707267105579376, 0.20627307891845703, 0.28510424494743347, 0.21632857620716095, 0.2963590919971466, 0.2507217228412628, 0.3058099150657654, 0.22355006635189056, 0.26856529712677, 0.2015901803970337, 0.10773109644651413, 0.08222219347953796, 0.1660216897726059, 0.15227828919887543, 0.24977543950080872, 0.2015170156955719, 0.24672983586788177, 0.11968320608139038, 0.24295289814472198, 0.1838216930627823, 0.15241938829421997, 0.19067290425300598, 0.08709766715765, 0.1992928385734558, 0.17595532536506653, 0.25421908497810364, 0.21341204643249512, 0.09453511983156204, 0.15869387984275818, 0.19641605019569397, 0.1846162974834442, 0.1760631501674652, 0.1837112456560135, 0.2001887559890747, 0.3775961399078369, 0.19717001914978027, 0.24367006123065948, 0.2098509818315506, 0.10764419287443161, 0.24872951209545135, 0.21623173356056213, 0.23160207271575928, 0.18068234622478485, 0.23305150866508484, 0.1927160620689392, 0.23994962871074677, 0.14418759942054749, 0.2210405319929123, 0.13033011555671692, 0.3463507294654846, 0.2971441149711609, 0.24447008967399597, 0.25671300292015076, 0.16792568564414978, 0.143873393535614, 0.2945111393928528, 0.14018192887306213, 0.25299158692359924, 0.2876838743686676, 0.23108914494514465, 0.16779065132141113, 0.24443712830543518, 0.10312154144048691, 0.12591023743152618, 0.205789253115654, 0.2961956262588501, 0.18606945872306824, 0.16948771476745605, 0.24444374442100525, 0.21086740493774414, 0.2307787835597992, 0.10997691005468369, 0.14902277290821075, 0.22992947697639465, 0.3769330084323883, 0.13775470852851868, 0.2720179855823517, 0.2768579125404358, 0.22326840460300446, 0.20818349719047546, 0.24393798410892487, 0.15330474078655243, 0.2333311140537262, 0.24291172623634338, 0.2538210153579712, 0.16890448331832886, 0.23001830279827118, 0.12683318555355072, 0.20439070463180542, 0.3813473880290985, 0.19876253604888916, 0.23355898261070251, 0.3106211721897125, 0.19249661266803741, 0.10361530631780624, 0.1415269523859024, 0.24171660840511322, 0.12739433348178864, 0.24207650125026703, 0.2960231602191925, 0.18763017654418945, 0.17277303338050842, 0.24370554089546204, 0.16380827128887177, 0.22418779134750366, 0.27402085065841675, 0.21434170007705688, 0.2712058424949646, 0.1535310000181198, 0.2609412968158722, 0.1523156464099884, 0.2142900973558426, 0.16880716383457184, 0.22236104309558868, 0.17496638000011444, 0.2360924482345581, 0.18261997401714325, 0.26484009623527527, 0.27843546867370605, 0.2537216544151306, 0.3102334141731262, 0.20099258422851562, 0.12767082452774048, 0.22192728519439697, 0.19182494282722473, 0.1102239340543747, 0.19343335926532745, 0.2017386555671692, 0.21874473989009857, 0.2564984858036041, 0.22167378664016724, 0.2029346525669098, 0.10803234577178955, 0.21742448210716248, 0.18991179764270782, 0.24755141139030457, 0.1332373023033142, 0.251871794462204, 0.16118383407592773, 0.23250624537467957, 0.16556856036186218, 0.28498148918151855, 0.22313252091407776, 0.181391179561615, 0.16162075102329254, 0.33216723799705505, 0.331741064786911, 0.18425141274929047, 0.20977865159511566, 0.26922711730003357, 0.17018625140190125, 0.1528506577014923, 0.24036315083503723, 0.2185402363538742, 0.20213833451271057, 0.2813927233219147, 0.16763031482696533, 0.16558045148849487, 0.1986217200756073, 0.1855412870645523, 0.21523356437683105, 0.16292749345302582, 0.1567441076040268, 0.19058185815811157, 0.19976204633712769, 0.21521902084350586, 0.1769140362739563, 0.25419196486473083, 0.1419675350189209, 0.18005575239658356, 0.15059447288513184, 0.20930832624435425, 0.2947889566421509, 0.17625842988491058, 0.20883440971374512, 0.1686471849679947, 0.18410521745681763, 0.18881231546401978, 0.20876950025558472, 0.24140110611915588, 0.21713265776634216, 0.26084673404693604, 0.24751439690589905, 0.19254516065120697, 0.14726290106773376, 0.2424677163362503, 0.1326264590024948, 0.28202688694000244, 0.20071758329868317, 0.30692389607429504, 0.21504037082195282, 0.1513940393924713, 0.11782266199588776, 0.16101950407028198, 0.2937149405479431, 0.21001093089580536, 0.010063686408102512], "accs": [0.9453125, 0.96484375, 0.92578125, 0.93359375, 0.9609375, 0.94921875, 0.953125, 0.96875, 0.953125, 0.9609375, 0.9375, 0.95703125, 0.921875, 0.9375, 0.921875, 0.94140625, 0.921875, 0.953125, 0.92578125, 0.94921875, 0.9140625, 0.9375, 0.92578125, 0.94921875, 0.96484375, 0.96875, 0.953125, 0.953125, 0.9453125, 0.9453125, 0.9453125, 0.96484375, 0.9375, 0.9453125, 0.9609375, 0.9453125, 0.97265625, 0.94140625, 0.9453125, 0.9296875, 0.9453125, 0.98046875, 0.953125, 0.953125, 0.94921875, 0.94921875, 0.9453125, 0.9453125, 0.890625, 0.9453125, 0.9453125, 0.94140625, 0.9609375, 0.9296875, 0.9453125, 0.92578125, 0.94921875, 0.93359375, 0.9453125, 0.9296875, 0.96484375, 0.9296875, 0.953125, 0.9140625, 0.91796875, 0.94921875, 0.9296875, 0.9453125, 0.953125, 0.90625, 0.95703125, 0.94140625, 0.9140625, 0.93359375, 0.94921875, 0.9375, 0.9609375, 0.96875, 0.9453125, 0.91796875, 0.953125, 0.95703125, 0.93359375, 0.94921875, 0.94140625, 0.96875, 0.96484375, 0.94140625, 0.91796875, 0.953125, 0.9296875, 0.9375, 0.9375, 0.9375, 0.9296875, 0.94921875, 0.9140625, 0.94140625, 0.92578125, 0.94921875, 0.9453125, 0.9609375, 0.9453125, 0.8984375, 0.953125, 0.9375, 0.921875, 0.953125, 0.96484375, 0.96484375, 0.92578125, 0.94921875, 0.9453125, 0.9140625, 0.9453125, 0.9609375, 0.9375, 0.953125, 0.94140625, 0.92578125, 0.94921875, 0.9375, 0.94921875, 0.92578125, 0.96484375, 0.94921875, 0.95703125, 0.94921875, 0.9609375, 0.93359375, 0.9296875, 0.93359375, 0.921875, 0.94140625, 0.921875, 0.9453125, 0.9609375, 0.94140625, 0.94921875, 0.9609375, 0.9453125, 0.953125, 0.9375, 0.94140625, 0.94140625, 0.94140625, 0.96875, 0.94140625, 0.94921875, 0.9296875, 0.9609375, 0.9375, 0.95703125, 0.9375, 0.95703125, 0.921875, 0.9375, 0.94921875, 0.9453125, 0.90234375, 0.921875, 0.953125, 0.9375, 0.93359375, 0.94921875, 0.953125, 0.94140625, 0.9296875, 0.9375, 0.921875, 0.953125, 0.95703125, 0.953125, 0.93359375, 0.9375, 0.953125, 0.94921875, 0.94921875, 0.94921875, 0.9453125, 0.94921875, 0.91796875, 0.96875, 0.9375, 0.96484375, 0.9375, 0.9140625, 0.94140625, 0.94921875, 0.94140625, 0.9453125, 0.94921875, 0.95703125, 0.9296875, 0.93359375, 0.92578125, 0.94140625, 0.953125, 0.9609375, 0.93359375, 0.95703125, 0.921875, 0.94140625, 0.91796875, 0.9375, 0.94921875, 0.96875, 0.953125, 0.91796875, 0.94921875, 1.0],